EnglishCountryRegionName,StateProvinceName,City,UnitPrice,ProductStandardCost,TotalProductCost,SalesAmount,TaxAmt
United States,Missouri,Ferguson,2679790.109,2635645.227,0.8565,1.374,108.8232
United States,Minnesota,Duluth,2679790.109,2635645.227,0.8565,1.374,108.8232
United States,Ohio,North Randall,2475750.305,2443589.419,0.8565,1.374,95.4773
United States,California,Santa Ana,6054471.746,5985742.289,0.8565,1.374,110.4206
United States,Georgia,Decatur,2893853.571,2841382.846,0.8565,1.374,106.012
United States,Massachusetts,Wrentham,2475750.305,2443589.419,0.8565,1.374,95.4773
Canada,British Columbia,Newton,19476024.24,19112145.07,0.8565,1.374,100.5098
United States,Washington,Bellingham,3929388.861,3834616.64,0.8565,1.374,126.3727
United States,Oregon,Klamath Falls,3929388.861,3834616.64,0.8565,1.374,126.3727
United Kingdom,England,Basingstoke Hants,1377211.962,1361500.652,0.8565,1.374,97.2502
United States,Texas,Plano,6054471.746,5985742.289,0.8565,1.374,110.4206
United States,Maine,Kittery,2475750.305,2443589.419,0.8565,1.374,95.4773
United States,Kentucky,Somerset,2893853.571,2841382.846,0.8565,1.374,106.012
United States,Minnesota,Edina,2679790.109,2635645.227,0.8565,1.374,108.8232
United States,Mississippi,Gulfport,2893853.571,2841382.846,0.8565,1.374,106.012
United States,Arizona,Tucson,6054471.746,5985742.289,0.8565,1.374,110.4206
United States,California,San Ysidro,6054471.746,5985742.289,0.8565,1.374,110.4206
Germany,Nordrhein-Westfalen,Bonn,682744.6497,706307.964,0.8565,1.374,86.3073
United States,Michigan,Midland,2679790.109,2635645.227,0.8565,1.374,108.8232
United States,Arizona,Gilbert,6054471.746,5985742.289,0.8565,1.374,110.4206
United States,Florida,Sarasota,2893853.571,2841382.846,0.8565,1.374,106.012
United States,Michigan,Port Huron,2679790.109,2635645.227,0.8565,1.374,108.8232
Canada,British Columbia,Cliffside,4869006.061,4778036.267,0.8565,1.374,100.5098
United States,New Hampshire,Hooksett,2475750.305,2443589.419,0.8565,1.374,95.4773
United Kingdom,England,Birmingham,1377211.962,1361500.652,0.8565,1.374,97.2502
United States,California,Sand City,6054471.746,5985742.289,0.8565,1.374,110.4206
Germany,Hessen,Hamburg,682744.6497,706307.964,0.8565,1.374,86.3073
United States,Connecticut,Westport,2475750.305,2443589.419,0.8565,1.374,95.4773
Canada,Ontario,Nepean,4869006.061,4778036.267,0.8565,1.374,100.5098
United States,Oregon,Portland,3929388.861,3834616.64,0.8565,1.374,126.3727
United States,North Carolina,Charlotte,2893853.571,2841382.846,0.8565,1.374,106.012
Germany,Saarland,Saarlouis,682744.6497,706307.964,0.8565,1.374,86.3073
France,Somme,Saint Ouen,1315908.847,1300307.89,1.713,2.748,104.4201
United States,California,Cerritos,6054471.746,5985742.289,0.8565,1.374,110.4206
Australia,New South Wales,Wollongong,767729.6402,806701.3793,1.713,2.748,74.4582
Canada,British Columbia,Oak Bay,4869006.061,4778036.267,0.8565,1.374,100.5098
France,Essonne,Morangis,1315908.847,1300307.89,1.713,2.748,104.4201
Germany,Hessen,München,682744.6497,706307.964,0.8565,1.374,86.3073
United States,Washington,Burien,3929388.861,3834616.64,0.8565,1.374,126.3727
United States,Florida,Destin,2893853.571,2841382.846,0.8565,1.374,106.012
United States,Oregon,Clackamas,7858777.721,7669233.28,0.8565,1.374,126.3727
United States,Washington,Bremerton,3929388.861,3834616.64,0.8565,1.374,126.3727
United States,California,Alpine,6054471.746,5985742.289,0.8565,1.374,110.4206
United States,Ohio,Cincinnati,2475750.305,2443589.419,0.8565,1.374,95.4773
Canada,Quebec,Outremont,4869006.061,4778036.267,0.8565,1.374,100.5098
United Kingdom,England,Watford,1377211.962,1361500.652,0.8565,1.374,97.2502
United Kingdom,England,Woolston,1377211.962,1361500.652,0.8565,1.374,97.2502
United Kingdom,England,W. York,1377211.962,1361500.652,0.8565,1.374,97.2502
Germany,Saarland,München,682744.6497,706307.964,0.8565,1.374,86.3073
United States,Massachusetts,Saugus,2475750.305,2443589.419,0.8565,1.374,95.4773
Canada,British Columbia,Richmond,4869006.061,4778036.267,0.8565,1.374,100.5098
United States,Oregon,Springfield,3929388.861,3834616.64,0.8565,1.374,126.3727
United States,Minnesota,Minneapolis,2679790.109,2635645.227,0.8565,1.374,108.8232
United States,California,Baldwin Park,6054471.746,5985742.289,0.8565,1.374,110.4206
France,Nord,Lille,1315908.847,1300307.89,1.713,2.748,104.4201
United Kingdom,England,Bury,1377211.962,1361500.652,0.8565,1.374,97.2502
United States,Oregon,Salem,3929388.861,3834616.64,0.8565,1.374,126.3727
Australia,Victoria,South Melbourne,767729.6402,806701.3793,1.713,2.748,74.4582
United States,Nevada,Sparks,3929388.861,3834616.64,0.8565,1.374,126.3727
Germany,Hamburg,Frankfurt am Main,1365489.299,1412615.928,0.8565,1.374,86.3073
United States,Oregon,Beaverton,3929388.861,3834616.64,0.8565,1.374,126.3727
United States,Rhode Island,West Kingston,2475750.305,2443589.419,0.8565,1.374,95.4773
Canada,Quebec,Sainte-Foy,4869006.061,4778036.267,0.8565,1.374,100.5098
United States,California,Fontana,6054471.746,5985742.289,0.8565,1.374,110.4206
United States,California,Modesto,6054471.746,5985742.289,0.8565,1.374,110.4206
United States,Tennessee,La Vergne,2893853.571,2841382.846,0.8565,1.374,106.012
Canada,Quebec,Montreal,19476024.24,19112145.07,0.8565,1.374,100.5098
United States,Ohio,Euclid,2475750.305,2443589.419,0.8565,1.374,95.4773
United States,New Mexico,Santa Fe,6054471.746,5985742.289,0.8565,1.374,110.4206
United States,California,Woodland Hills,6054471.746,5985742.289,0.8565,1.374,110.4206
United States,Connecticut,Milford,2475750.305,2443589.419,0.8565,1.374,95.4773
United States,Georgia,Mcdonough,2893853.571,2841382.846,0.8565,1.374,106.012
United States,Washington,Shelton,3929388.861,3834616.64,0.8565,1.374,126.3727
United States,California,Lakewood,6054471.746,5985742.289,0.8565,1.374,110.4206
Canada,Alberta,Edmonton,4869006.061,4778036.267,0.8565,1.374,100.5098
United States,Indiana,Daleville,2475750.305,2443589.419,0.8565,1.374,95.4773
France,Hauts de Seine,Suresnes,1315908.847,1300307.89,1.713,2.748,104.4201
United States,California,Norwalk,6054471.746,5985742.289,0.8565,1.374,110.4206
United States,California,Whittier,6054471.746,5985742.289,0.8565,1.374,110.4206
United States,Illinois,Carol Stream,2679790.109,2635645.227,0.8565,1.374,108.8232
Canada,Ontario,Scarborough,4869006.061,4778036.267,0.8565,1.374,100.5098
United States,Georgia,Byron,2893853.571,2841382.846,0.8565,1.374,106.012
United States,Kentucky,Florence,2893853.571,2841382.846,0.8565,1.374,106.012
Australia,Victoria,Geelong,767729.6402,806701.3793,1.713,2.748,74.4582
United States,Wisconsin,Mosinee,2679790.109,2635645.227,0.8565,1.374,108.8232
United States,Washington,Ellensburg,3929388.861,3834616.64,0.8565,1.374,126.3727
Canada,Ontario,Brampton,4869006.061,4778036.267,0.8565,1.374,100.5098
United States,Kentucky,Newport,2893853.571,2841382.846,0.8565,1.374,106.012
United States,Connecticut,New Haven,2475750.305,2443589.419,0.8565,1.374,95.4773
United States,New York,Clay,2475750.305,2443589.419,0.8565,1.374,95.4773
United States,New York,Endicott,2475750.305,2443589.419,0.8565,1.374,95.4773
United States,Arizona,Mesa,6054471.746,5985742.289,0.8565,1.374,110.4206
United States,Utah,Sandy,3929388.861,3834616.64,0.8565,1.374,126.3727
United States,Washington,Sedro Woolley,3929388.861,3834616.64,0.8565,1.374,126.3727
Australia,New South Wales,Goulburn,767729.6402,806701.3793,1.713,2.748,74.4582
United States,California,Berkeley,6054471.746,5985742.289,0.8565,1.374,110.4206
United States,Texas,Mesquite,6054471.746,5985742.289,0.8565,1.374,110.4206
United States,Oregon,Oregon City,3929388.861,3834616.64,0.8565,1.374,126.3727
United States,Tennessee,Hixson,2893853.571,2841382.846,0.8565,1.374,106.012
France,Yveline,Saint Germain en Laye,1315908.847,1300307.89,1.713,2.748,104.4201
United States,California,City Of Commerce,6054471.746,5985742.289,0.8565,1.374,110.4206
United States,Rhode Island,Woonsocket,2475750.305,2443589.419,0.8565,1.374,95.4773
United States,Michigan,Detroit,2679790.109,2635645.227,0.8565,1.374,108.8232
United States,Oregon,Hillsboro,3929388.861,3834616.64,0.8565,1.374,126.3727
United States,California,San Ramon,6054471.746,5985742.289,0.8565,1.374,110.4206
United States,Michigan,Holland,2679790.109,2635645.227,0.8565,1.374,108.8232
United Kingdom,England,West Sussex,1377211.962,1361500.652,0.8565,1.374,97.2502
United States,Rhode Island,Warwick,2475750.305,2443589.419,0.8565,1.374,95.4773
United States,California,Daly City,6054471.746,5985742.289,0.8565,1.374,110.4206
United States,Washington,Chehalis,3929388.861,3834616.64,0.8565,1.374,126.3727
United States,North Carolina,Smithfield,2893853.571,2841382.846,0.8565,1.374,106.012
United States,Texas,Round Rock,6054471.746,5985742.289,0.8565,1.374,110.4206
United States,Utah,Salt Lake City,3929388.861,3834616.64,0.8565,1.374,126.3727
Canada,British Columbia,Langford,4869006.061,4778036.267,0.8565,1.374,100.5098
United States,Washington,Olympia,3929388.861,3834616.64,0.8565,1.374,126.3727
United States,Missouri,Saint Ann,2679790.109,2635645.227,0.8565,1.374,108.8232
Australia,New South Wales,Rhodes,767729.6402,806701.3793,1.713,2.748,74.4582
United States,Washington,Washougal,3929388.861,3834616.64,0.8565,1.374,126.3727
United States,Florida,Altamonte Springs,2893853.571,2841382.846,0.8565,1.374,106.012
United States,Virginia,Leesburg,2893853.571,2841382.846,0.8565,1.374,106.012
Canada,British Columbia,Langley,4869006.061,4778036.267,0.8565,1.374,100.5098
United Kingdom,England,Runcorn,1377211.962,1361500.652,0.8565,1.374,97.2502
United States,California,Glendale,6054471.746,5985742.289,0.8565,1.374,110.4206
United States,California,Bellflower,6054471.746,5985742.289,0.8565,1.374,110.4206
United States,Massachusetts,Norwood,2475750.305,2443589.419,0.8565,1.374,95.4773
United States,Florida,Merritt Island,2893853.571,2841382.846,0.8565,1.374,106.012
United States,Mississippi,Biloxi,2893853.571,2841382.846,0.8565,1.374,106.012
United States,Georgia,Augusta,2893853.571,2841382.846,0.8565,1.374,106.012
United States,Illinois,West Chicago,2679790.109,2635645.227,0.8565,1.374,108.8232
United States,Utah,Park City,3929388.861,3834616.64,0.8565,1.374,126.3727
United States,California,Oakland,6054471.746,5985742.289,0.8565,1.374,110.4206
United States,Texas,College Station,6054471.746,5985742.289,0.8565,1.374,110.4206
Canada,Manitoba,Winnipeg,4869006.061,4778036.267,0.8565,1.374,100.5098
United States,Washington,Union Gap,3929388.861,3834616.64,0.8565,1.374,126.3727
Germany,Saarland,Stuttgart,1365489.299,1412615.928,0.8565,1.374,86.3073
United States,California,Downey,6054471.746,5985742.289,0.8565,1.374,110.4206
United States,Alabama,Birmingham,2893853.571,2841382.846,0.8565,1.374,106.012
United States,Michigan,Pontiac,2679790.109,2635645.227,0.8565,1.374,108.8232
France,Pas de Calais,Boulogne-sur-Mer,1315908.847,1300307.89,1.713,2.748,104.4201
United States,New York,De Witt,2475750.305,2443589.419,0.8565,1.374,95.4773
United States,California,El Cajon,6054471.746,5985742.289,0.8565,1.374,110.4206
United Kingdom,England,Peterborough,1377211.962,1361500.652,0.8565,1.374,97.2502
Germany,Hamburg,Muehlheim,682744.6497,706307.964,0.8565,1.374,86.3073
United States,Texas,Carrollton,6054471.746,5985742.289,0.8565,1.374,110.4206
United States,Indiana,Indianapolis,2475750.305,2443589.419,0.8565,1.374,95.4773
United States,New Hampshire,Plaistow,2475750.305,2443589.419,0.8565,1.374,95.4773
Canada,Quebec,Brossard,9738012.121,9556072.533,0.8565,1.374,100.5098
France,Hauts de Seine,Boulogne-Billancourt,1315908.847,1300307.89,1.713,2.748,104.4201
France,Gers,Aujan Mournede,1315908.847,1300307.89,1.713,2.748,104.4201
United States,California,Burbank,6054471.746,5985742.289,0.8565,1.374,110.4206
United States,California,Van Nuys,6054471.746,5985742.289,0.8565,1.374,110.4206
Canada,British Columbia,Burnaby,29214036.36,28668217.6,0.8565,1.374,100.5098
United States,California,San Mateo,6054471.746,5985742.289,0.8565,1.374,110.4206
United States,Kentucky,Saint Matthews,2893853.571,2841382.846,0.8565,1.374,106.012
United States,Washington,Walla Walla,3929388.861,3834616.64,0.8565,1.374,126.3727
United States,New York,Lake George,2475750.305,2443589.419,0.8565,1.374,95.4773
Canada,British Columbia,Haney,4869006.061,4778036.267,0.8565,1.374,100.5098
United Kingdom,England,Bracknell,1377211.962,1361500.652,0.8565,1.374,97.2502
Australia,New South Wales,Lane Cove,767729.6402,806701.3793,1.713,2.748,74.4582
United States,Colorado,Denver,2679790.109,2635645.227,0.8565,1.374,108.8232
United States,California,Oxnard,6054471.746,5985742.289,0.8565,1.374,110.4206
United States,Texas,Humble,6054471.746,5985742.289,0.8565,1.374,110.4206
United States,Alabama,Mobile,2893853.571,2841382.846,0.8565,1.374,106.012
Canada,British Columbia,Victoria,4869006.061,4778036.267,0.8565,1.374,100.5098
United States,Missouri,Kansas City,2679790.109,2635645.227,0.8565,1.374,108.8232
United States,California,La Mesa,6054471.746,5985742.289,0.8565,1.374,110.4206
France,Loir et Cher,Saint Ouen,1315908.847,1300307.89,1.713,2.748,104.4201
United States,Texas,Fort Worth,6054471.746,5985742.289,0.8565,1.374,110.4206
United States,Ohio,Holland,2475750.305,2443589.419,0.8565,1.374,95.4773
United States,California,Orange,6054471.746,5985742.289,0.8565,1.374,110.4206
United States,Utah,Cedar City,3929388.861,3834616.64,0.8565,1.374,126.3727
Germany,Nordrhein-Westfalen,Paderborn,682744.6497,706307.964,0.8565,1.374,86.3073
France,Essonne,Les Ulis,1315908.847,1300307.89,1.713,2.748,104.4201
United States,Ohio,Burbank,2475750.305,2443589.419,0.8565,1.374,95.4773
United States,California,Redlands,6054471.746,5985742.289,0.8565,1.374,110.4206
United States,California,Irvine,6054471.746,5985742.289,0.8565,1.374,110.4206
United States,Washington,Monroe,3929388.861,3834616.64,0.8565,1.374,126.3727
United States,California,San Bruno,6054471.746,5985742.289,0.8565,1.374,110.4206
Germany,Nordrhein-Westfalen,Solingen,682744.6497,706307.964,0.8565,1.374,86.3073
Canada,Ontario,Kanata,4869006.061,4778036.267,0.8565,1.374,100.5098
United States,Ohio,Mansfield,2475750.305,2443589.419,0.8565,1.374,95.4773
France,Hauts de Seine,Courbevoie,1315908.847,1300307.89,1.713,2.748,104.4201
United States,Washington,Puyallup,3929388.861,3834616.64,0.8565,1.374,126.3727
United Kingdom,England,Cheltenham,1377211.962,1361500.652,0.8565,1.374,97.2502
United States,Kentucky,Campbellsville,2893853.571,2841382.846,0.8565,1.374,106.012
United States,Washington,Yakima,3929388.861,3834616.64,0.8565,1.374,126.3727
United Kingdom,England,Esher-Molesey,1377211.962,1361500.652,0.8565,1.374,97.2502
United States,Nevada,Las Vegas,3929388.861,3834616.64,0.8565,1.374,126.3727
France,Nord,Dunkerque,1315908.847,1300307.89,1.713,2.748,104.4201
United States,Michigan,Southfield,2679790.109,2635645.227,0.8565,1.374,108.8232
United States,California,Fullerton,6054471.746,5985742.289,0.8565,1.374,110.4206
United States,Illinois,Tuscola,2679790.109,2635645.227,0.8565,1.374,108.8232
United States,Idaho,Lewiston,3929388.861,3834616.64,0.8565,1.374,126.3727
United States,Washington,Longview,3929388.861,3834616.64,0.8565,1.374,126.3727
United States,California,Trabuco Canyon,6054471.746,5985742.289,0.8565,1.374,110.4206
Australia,New South Wales,Matraville,767729.6402,806701.3793,1.713,2.748,74.4582
United States,California,Long Beach,6054471.746,5985742.289,0.8565,1.374,110.4206
United States,North Carolina,Raleigh,2893853.571,2841382.846,0.8565,1.374,106.012
United States,Ohio,Mentor,2475750.305,2443589.419,0.8565,1.374,95.4773
United Kingdom,England,Cambridge,1377211.962,1361500.652,0.8565,1.374,97.2502
United States,Georgia,Austell,2893853.571,2841382.846,0.8565,1.374,106.012
Canada,Quebec,Ville De'anjou,4869006.061,4778036.267,0.8565,1.374,100.5098
United States,Massachusetts,Braintree,2475750.305,2443589.419,0.8565,1.374,95.4773
United States,Connecticut,Farmington,2475750.305,2443589.419,0.8565,1.374,95.4773
United States,California,San Francisco,6054471.746,5985742.289,0.8565,1.374,110.4206
United States,Texas,Cedar Park,6054471.746,5985742.289,0.8565,1.374,110.4206
United States,Ohio,Heath,2475750.305,2443589.419,0.8565,1.374,95.4773
United States,California,Fremont,6054471.746,5985742.289,0.8565,1.374,110.4206
Canada,Ontario,Barrie,4869006.061,4778036.267,0.8565,1.374,100.5098
United Kingdom,England,High Wycombe,1377211.962,1361500.652,0.8565,1.374,97.2502
United States,Michigan,Howell,2679790.109,2635645.227,0.8565,1.374,108.8232
United States,Illinois,Joliet,2679790.109,2635645.227,0.8565,1.374,108.8232
United States,Michigan,Zeeland,2679790.109,2635645.227,0.8565,1.374,108.8232
United States,Alabama,Montgomery,2893853.571,2841382.846,0.8565,1.374,106.012
United States,California,Mill Valley,6054471.746,5985742.289,0.8565,1.374,110.4206
Germany,Hamburg,Essen,682744.6497,706307.964,0.8565,1.374,86.3073
Australia,Victoria,Sunbury,767729.6402,806701.3793,1.713,2.748,74.4582
United States,Wisconsin,Johnson Creek,2679790.109,2635645.227,0.8565,1.374,108.8232
United States,California,Citrus Heights,6054471.746,5985742.289,0.8565,1.374,110.4206
United States,Missouri,Branson,2679790.109,2635645.227,0.8565,1.374,108.8232
Australia,New South Wales,Port Macquarie,767729.6402,806701.3793,1.713,2.748,74.4582
United States,Texas,Austin,6054471.746,5985742.289,0.8565,1.374,110.4206
Germany,Nordrhein-Westfalen,Berlin,1365489.299,1412615.928,0.8565,1.374,86.3073
Canada,British Columbia,Shawnee,14607018.18,14334108.8,0.8565,1.374,100.5098
United States,Washington,Lynnwood,3929388.861,3834616.64,0.8565,1.374,126.3727
Australia,Victoria,Cranbourne,767729.6402,806701.3793,1.713,2.748,74.4582
United States,Nevada,Fernley,3929388.861,3834616.64,0.8565,1.374,126.3727
United States,Connecticut,Waterbury,2475750.305,2443589.419,0.8565,1.374,95.4773
United States,Texas,Corpus Christi,6054471.746,5985742.289,0.8565,1.374,110.4206
United Kingdom,England,Gateshead,1377211.962,1361500.652,0.8565,1.374,97.2502
United States,California,Bell Gardens,6054471.746,5985742.289,0.8565,1.374,110.4206
United States,New York,Melville,2475750.305,2443589.419,0.8565,1.374,95.4773
France,Seine et Marne,Roissy en Brie,1315908.847,1300307.89,1.713,2.748,104.4201
France,Seine Saint Denis,Bobigny,1315908.847,1300307.89,1.713,2.748,104.4201
Canada,Ontario,Etobicoke,4869006.061,4778036.267,0.8565,1.374,100.5098
Canada,Ontario,Waterloo,4869006.061,4778036.267,0.8565,1.374,100.5098
Germany,Hamburg,Berlin,2730978.599,2825231.856,0.8565,1.374,86.3073
United States,Illinois,Moline,2679790.109,2635645.227,0.8565,1.374,108.8232
United States,Nevada,Reno,3929388.861,3834616.64,0.8565,1.374,126.3727
United States,Nevada,North Las Vegas,3929388.861,3834616.64,0.8565,1.374,126.3727
United States,Missouri,Jefferson City,2679790.109,2635645.227,0.8565,1.374,108.8232
United Kingdom,England,Abingdon,1377211.962,1361500.652,0.8565,1.374,97.2502
United States,Washington,Sammamish,3929388.861,3834616.64,0.8565,1.374,126.3727
United States,California,Upland,6054471.746,5985742.289,0.8565,1.374,110.4206
United Kingdom,England,Gloucestershire,1377211.962,1361500.652,0.8565,1.374,97.2502
France,Val de Marne,Orly,1315908.847,1300307.89,1.713,2.748,104.4201
United States,Florida,Miami,2893853.571,2841382.846,0.8565,1.374,106.012
United States,California,Concord,6054471.746,5985742.289,0.8565,1.374,110.4206
Australia,South Australia,Findon,767729.6402,806701.3793,1.713,2.748,74.4582
United States,Texas,Killeen,6054471.746,5985742.289,0.8565,1.374,110.4206
United States,California,Ontario,6054471.746,5985742.289,0.8565,1.374,110.4206
United States,Illinois,Wood Dale,2679790.109,2635645.227,0.8565,1.374,108.8232
France,Loiret,Orleans,1315908.847,1300307.89,1.713,2.748,104.4201
United States,Washington,Seattle,3929388.861,3834616.64,0.8565,1.374,126.3727
United States,Georgia,Savannah,2893853.571,2841382.846,0.8565,1.374,106.012
United States,Colorado,Englewood,2679790.109,2635645.227,0.8565,1.374,108.8232
United States,Connecticut,Stamford,2475750.305,2443589.419,0.8565,1.374,95.4773
United States,California,Redwood City,6054471.746,5985742.289,0.8565,1.374,110.4206
United States,Tennessee,Maryville,2893853.571,2841382.846,0.8565,1.374,106.012
United States,South Carolina,Myrtle Beach,2893853.571,2841382.846,0.8565,1.374,106.012
United States,Texas,San Antonio,6054471.746,5985742.289,0.8565,1.374,110.4206
Germany,Bayern,Frankfurt,682744.6497,706307.964,0.8565,1.374,86.3073
Canada,Quebec,Hull,4869006.061,4778036.267,0.8565,1.374,100.5098
United States,California,Lincoln Acres,6054471.746,5985742.289,0.8565,1.374,110.4206
United Kingdom,England,Reading,1377211.962,1361500.652,0.8565,1.374,97.2502
United Kingdom,England,Berks,1377211.962,1361500.652,0.8565,1.374,97.2502
Canada,British Columbia,Surrey,4869006.061,4778036.267,0.8565,1.374,100.5098
Australia,Queensland,Hervey Bay,767729.6402,806701.3793,1.713,2.748,74.4582
Australia,Queensland,Caloundra,767729.6402,806701.3793,1.713,2.748,74.4582
United Kingdom,England,Milton Keynes,2754423.924,2723001.305,0.8565,1.374,97.2502
Germany,Hessen,Dresden,682744.6497,706307.964,0.8565,1.374,86.3073
United States,Alabama,Florence,2893853.571,2841382.846,0.8565,1.374,106.012
France,Seine et Marne,Lieusaint,1315908.847,1300307.89,1.713,2.748,104.4201
United States,California,Walnut Creek,6054471.746,5985742.289,0.8565,1.374,110.4206
United States,Illinois,Norridge,2679790.109,2635645.227,0.8565,1.374,108.8232
United States,Tennessee,Crossville,2893853.571,2841382.846,0.8565,1.374,106.012
Canada,Ontario,Markham,4869006.061,4778036.267,0.8565,1.374,100.5098
United States,New York,Cheektowaga,2475750.305,2443589.419,0.8565,1.374,95.4773
United States,New Mexico,Rio Rancho,6054471.746,5985742.289,0.8565,1.374,110.4206
United States,Tennessee,Nashville,2893853.571,2841382.846,0.8565,1.374,106.012
United States,Virginia,Falls Church,2893853.571,2841382.846,0.8565,1.374,106.012
United States,California,Visalia,6054471.746,5985742.289,0.8565,1.374,110.4206
Germany,Bayern,Ingolstadt,682744.6497,706307.964,0.8565,1.374,86.3073
United States,California,San Jose,6054471.746,5985742.289,0.8565,1.374,110.4206
United States,South Carolina,Gaffney,2893853.571,2841382.846,0.8565,1.374,106.012
Australia,New South Wales,Sydney,767729.6402,806701.3793,1.713,2.748,74.4582
United States,Missouri,Odessa,2679790.109,2635645.227,0.8565,1.374,108.8232
United States,New York,New Hartford,2475750.305,2443589.419,0.8565,1.374,95.4773
Germany,Hessen,Darmstadt,682744.6497,706307.964,0.8565,1.374,86.3073
France,Seine (Paris),Paris,17106815.01,16904002.56,1.713,2.748,104.4201
United States,Florida,Hollywood,2893853.571,2841382.846,0.8565,1.374,106.012
United States,Colorado,Westminster,2679790.109,2635645.227,0.8565,1.374,108.8232
Canada,Quebec,Sillery,4869006.061,4778036.267,0.8565,1.374,100.5098
United States,California,West Covina,6054471.746,5985742.289,0.8565,1.374,110.4206
United Kingdom,England,Stoke-on-Trent,1377211.962,1361500.652,0.8565,1.374,97.2502
United States,Washington,Wenatchee,3929388.861,3834616.64,0.8565,1.374,126.3727
Australia,Victoria,Warrnambool,767729.6402,806701.3793,1.713,2.748,74.4582
United States,California,Chula Vista,6054471.746,5985742.289,0.8565,1.374,110.4206
Germany,Nordrhein-Westfalen,Hannover,682744.6497,706307.964,0.8565,1.374,86.3073
United States,Michigan,Monroe,2679790.109,2635645.227,0.8565,1.374,108.8232
United States,Illinois,Elgin,2679790.109,2635645.227,0.8565,1.374,108.8232
Australia,New South Wales,Newcastle,767729.6402,806701.3793,1.713,2.748,74.4582
United States,California,Elk Grove,6054471.746,5985742.289,0.8565,1.374,110.4206
Canada,British Columbia,Royal Oak,4869006.061,4778036.267,0.8565,1.374,100.5098
United States,California,Los Angeles,6054471.746,5985742.289,0.8565,1.374,110.4206
United States,Oregon,Tigard,3929388.861,3834616.64,0.8565,1.374,126.3727
United States,California,Lake Elsinore,6054471.746,5985742.289,0.8565,1.374,110.4206
United States,California,Santa Cruz,6054471.746,5985742.289,0.8565,1.374,110.4206
United States,California,El Segundo,6054471.746,5985742.289,0.8565,1.374,110.4206
United States,Michigan,Redford,2679790.109,2635645.227,0.8565,1.374,108.8232
Australia,New South Wales,North Ryde,767729.6402,806701.3793,1.713,2.748,74.4582
United Kingdom,England,Maidenhead,1377211.962,1361500.652,0.8565,1.374,97.2502
United States,Texas,Laredo,6054471.746,5985742.289,0.8565,1.374,110.4206
United States,Washington,Bothell,3929388.861,3834616.64,0.8565,1.374,126.3727
United States,California,Spring Valley,6054471.746,5985742.289,0.8565,1.374,110.4206
United Kingdom,England,Wokingham,1377211.962,1361500.652,0.8565,1.374,97.2502
United States,Ohio,Oberlin,2475750.305,2443589.419,0.8565,1.374,95.4773
France,Moselle,Metz,1315908.847,1300307.89,1.713,2.748,104.4201
United States,Washington,Everett,3929388.861,3834616.64,0.8565,1.374,126.3727
United States,Florida,Clearwater,2893853.571,2841382.846,0.8565,1.374,106.012
United States,Idaho,Sandpoint,3929388.861,3834616.64,0.8565,1.374,126.3727
United States,California,Simi Valley,6054471.746,5985742.289,0.8565,1.374,110.4206
Australia,New South Wales,Darlinghurst,767729.6402,806701.3793,1.713,2.748,74.4582
United States,Oregon,Lebanon,3929388.861,3834616.64,0.8565,1.374,126.3727
United States,California,Camarillo,6054471.746,5985742.289,0.8565,1.374,110.4206
United Kingdom,England,Newcastle upon Tyne,1377211.962,1361500.652,0.8565,1.374,97.2502
United States,Texas,Houston,6054471.746,5985742.289,0.8565,1.374,110.4206
United States,Georgia,Marietta,2893853.571,2841382.846,0.8565,1.374,106.012
United States,Virginia,Chantilly,2893853.571,2841382.846,0.8565,1.374,106.012
United States,Florida,Bradenton,2893853.571,2841382.846,0.8565,1.374,106.012
United States,South Carolina,Bluffton,2893853.571,2841382.846,0.8565,1.374,106.012
United States,Washington,Marysville,3929388.861,3834616.64,0.8565,1.374,126.3727
United States,California,Beverly Hills,6054471.746,5985742.289,0.8565,1.374,110.4206
United States,Idaho,Idaho Falls,3929388.861,3834616.64,0.8565,1.374,126.3727
Canada,British Columbia,Vancouver,4869006.061,4778036.267,0.8565,1.374,100.5098
United States,Oregon,Medford,3929388.861,3834616.64,0.8565,1.374,126.3727
Australia,New South Wales,St. Leonards,767729.6402,806701.3793,1.713,2.748,74.4582
United States,Washington,Ballard,3929388.861,3834616.64,0.8565,1.374,126.3727
United States,North Carolina,Greensboro,2893853.571,2841382.846,0.8565,1.374,106.012
Germany,Hessen,Duesseldorf,1365489.299,1412615.928,0.8565,1.374,86.3073
France,Nord,Croix,1315908.847,1300307.89,1.713,2.748,104.4201
Germany,Saarland,Berlin,2048233.949,2118923.892,0.8565,1.374,86.3073
United States,Michigan,Saginaw,2679790.109,2635645.227,0.8565,1.374,108.8232
Canada,Quebec,Dorval,4869006.061,4778036.267,0.8565,1.374,100.5098
United States,Arizona,Surprise,6054471.746,5985742.289,0.8565,1.374,110.4206
United States,Mississippi,Tupelo,2893853.571,2841382.846,0.8565,1.374,106.012
United States,Michigan,Novi,2679790.109,2635645.227,0.8565,1.374,108.8232
United States,Washington,Tacoma,3929388.861,3834616.64,0.8565,1.374,126.3727
France,Hauts de Seine,Sèvres,1315908.847,1300307.89,1.713,2.748,104.4201
United Kingdom,England,Berkshire,1377211.962,1361500.652,0.8565,1.374,97.2502
France,Yveline,Chatou,1315908.847,1300307.89,1.713,2.748,104.4201
Germany,Hessen,Frankfurt,682744.6497,706307.964,0.8565,1.374,86.3073
France,Nord,Roubaix,1315908.847,1300307.89,1.713,2.748,104.4201
United States,Connecticut,East Haven,2475750.305,2443589.419,0.8565,1.374,95.4773
United States,Wyoming,Rock Springs,3929388.861,3834616.64,0.8565,1.374,126.3727
United Kingdom,England,Oxford,2754423.924,2723001.305,0.8565,1.374,97.2502
Australia,Queensland,Brisbane,767729.6402,806701.3793,1.713,2.748,74.4582
Canada,Alberta,Calgary,4869006.061,4778036.267,0.8565,1.374,100.5098
Germany,Nordrhein-Westfalen,Bottrop,682744.6497,706307.964,0.8565,1.374,86.3073
Canada,Ontario,North York,4869006.061,4778036.267,0.8565,1.374,100.5098
Australia,Victoria,Melton,767729.6402,806701.3793,1.713,2.748,74.4582
United States,Connecticut,Hamden,2475750.305,2443589.419,0.8565,1.374,95.4773
United States,California,Stockton,6054471.746,5985742.289,0.8565,1.374,110.4206
United States,Utah,Bountiful,3929388.861,3834616.64,0.8565,1.374,126.3727
United States,California,Burlingame,6054471.746,5985742.289,0.8565,1.374,110.4206
United States,California,Pleasanton,6054471.746,5985742.289,0.8565,1.374,110.4206
Canada,British Columbia,Port Hammond,4869006.061,4778036.267,0.8565,1.374,100.5098
Canada,Ontario,Chalk Riber,4869006.061,4778036.267,0.8565,1.374,100.5098
France,Seine Saint Denis,Drancy,1315908.847,1300307.89,1.713,2.748,104.4201
United States,California,Gilroy,6054471.746,5985742.289,0.8565,1.374,110.4206
United States,New York,Valley Stream,2475750.305,2443589.419,0.8565,1.374,95.4773
United States,Utah,Riverton,3929388.861,3834616.64,0.8565,1.374,126.3727
United States,Colorado,Parker,2679790.109,2635645.227,0.8565,1.374,108.8232
Australia,New South Wales,Lavender Bay,767729.6402,806701.3793,1.713,2.748,74.4582
United States,Texas,Sugar Land,6054471.746,5985742.289,0.8565,1.374,110.4206
United States,California,Auburn,6054471.746,5985742.289,0.8565,1.374,110.4206
United States,Montana,Billings,3929388.861,3834616.64,0.8565,1.374,126.3727
Canada,British Columbia,Westminster,9738012.121,9556072.533,0.8565,1.374,100.5098
United States,Arizona,Chandler,6054471.746,5985742.289,0.8565,1.374,110.4206
United Kingdom,England,Warrington,2754423.924,2723001.305,0.8565,1.374,97.2502
Germany,Hessen,Bad Soden,682744.6497,706307.964,0.8565,1.374,86.3073
United States,Washington,Kenmore,3929388.861,3834616.64,0.8565,1.374,126.3727
United States,California,Carson,6054471.746,5985742.289,0.8565,1.374,110.4206
United States,Georgia,Columbus,2893853.571,2841382.846,0.8565,1.374,106.012
United Kingdom,England,Lancaster,1377211.962,1361500.652,0.8565,1.374,97.2502
United States,California,Union City,6054471.746,5985742.289,0.8565,1.374,110.4206
United States,Washington,Federal Way,3929388.861,3834616.64,0.8565,1.374,126.3727
Canada,Ontario,Toronto,19476024.24,19112145.07,0.8565,1.374,100.5098
United States,Washington,Edmonds,3929388.861,3834616.64,0.8565,1.374,126.3727
United States,Minnesota,Branch,2679790.109,2635645.227,0.8565,1.374,108.8232
Germany,Saarland,Kiel,682744.6497,706307.964,0.8565,1.374,86.3073
Germany,Brandenburg,Eilenburg,682744.6497,706307.964,0.8565,1.374,86.3073
United States,Texas,Irving,6054471.746,5985742.289,0.8565,1.374,110.4206
United States,Washington,Renton,3929388.861,3834616.64,0.8565,1.374,126.3727
Germany,Saarland,Poing,682744.6497,706307.964,0.8565,1.374,86.3073
United States,California,Vista,6054471.746,5985742.289,0.8565,1.374,110.4206
United States,California,Grossmont,6054471.746,5985742.289,0.8565,1.374,110.4206
United States,California,Culver City,6054471.746,5985742.289,0.8565,1.374,110.4206
United States,New Hampshire,Nashua,2475750.305,2443589.419,0.8565,1.374,95.4773
United States,Utah,Ogden,3929388.861,3834616.64,0.8565,1.374,126.3727
United States,Wyoming,Cheyenne,3929388.861,3834616.64,0.8565,1.374,126.3727
United States,Indiana,Fort Wayne,2475750.305,2443589.419,0.8565,1.374,95.4773
United States,Texas,Stafford,6054471.746,5985742.289,0.8565,1.374,110.4206
United States,Florida,Lakeland,2893853.571,2841382.846,0.8565,1.374,106.012
United States,Texas,Arlington,6054471.746,5985742.289,0.8565,1.374,110.4206
United States,Missouri,Saint Louis,2679790.109,2635645.227,0.8565,1.374,108.8232
United States,California,La Jolla,6054471.746,5985742.289,0.8565,1.374,110.4206
Australia,Queensland,Gold Coast,767729.6402,806701.3793,1.713,2.748,74.4582
United States,California,Hayward,6054471.746,5985742.289,0.8565,1.374,110.4206
United States,Washington,Redmond,3929388.861,3834616.64,0.8565,1.374,126.3727
Australia,Queensland,Rockhampton,767729.6402,806701.3793,1.713,2.748,74.4582
France,Seine Saint Denis,Saint-Denis,1315908.847,1300307.89,1.713,2.748,104.4201
Canada,Ontario,Ottawa,19476024.24,19112145.07,0.8565,1.374,100.5098
United States,Massachusetts,Randolph,2475750.305,2443589.419,0.8565,1.374,95.4773
Australia,Queensland,East Brisbane,767729.6402,806701.3793,1.713,2.748,74.4582
Germany,Bayern,Erlangen,682744.6497,706307.964,0.8565,1.374,86.3073
Germany,Nordrhein-Westfalen,München,682744.6497,706307.964,0.8565,1.374,86.3073
Australia,South Australia,Cloverdale,767729.6402,806701.3793,1.713,2.748,74.4582
United States,Oregon,Albany,3929388.861,3834616.64,0.8565,1.374,126.3727
United States,New York,Central Valley,2475750.305,2443589.419,0.8565,1.374,95.4773
United States,Oregon,W. Linn,3929388.861,3834616.64,0.8565,1.374,126.3727
United States,Arizona,Phoenix,6054471.746,5985742.289,0.8565,1.374,110.4206
United States,Georgia,Suwanee,2893853.571,2841382.846,0.8565,1.374,106.012
United States,Texas,Dallas,6054471.746,5985742.289,0.8565,1.374,110.4206
Canada,Ontario,Kingston,4869006.061,4778036.267,0.8565,1.374,100.5098
Germany,Saarland,Offenbach,682744.6497,706307.964,0.8565,1.374,86.3073
Canada,British Columbia,Sooke,4869006.061,4778036.267,0.8565,1.374,100.5098
Germany,Saarland,Sulzbach Taunus,682744.6497,706307.964,0.8565,1.374,86.3073
United States,Georgia,La Grange,2893853.571,2841382.846,0.8565,1.374,106.012
France,Seine Saint Denis,Tremblay-en-France,1315908.847,1300307.89,1.713,2.748,104.4201
Germany,Saarland,Saarbrücken,682744.6497,706307.964,0.8565,1.374,86.3073
United States,Minnesota,Woodbury,2679790.109,2635645.227,0.8565,1.374,108.8232
Germany,Hessen,Berlin,2730978.599,2825231.856,0.8565,1.374,86.3073
United States,California,Coronado,6054471.746,5985742.289,0.8565,1.374,110.4206
United States,Texas,Baytown,6054471.746,5985742.289,0.8565,1.374,110.4206
Germany,Brandenburg,Berlin,682744.6497,706307.964,0.8565,1.374,86.3073
United States,Colorado,Loveland,2679790.109,2635645.227,0.8565,1.374,108.8232
United States,California,Alhambra,6054471.746,5985742.289,0.8565,1.374,110.4206
Canada,Quebec,Pnot-Rouge,4869006.061,4778036.267,0.8565,1.374,100.5098
United States,Texas,Hillsboro,6054471.746,5985742.289,0.8565,1.374,110.4206
United States,Washington,Kennewick,3929388.861,3834616.64,0.8565,1.374,126.3727
United States,California,Eureka,6054471.746,5985742.289,0.8565,1.374,110.4206
United States,Oregon,Corvallis,3929388.861,3834616.64,0.8565,1.374,126.3727
United States,New York,Ithaca,2475750.305,2443589.419,0.8565,1.374,95.4773
United States,Florida,Tampa,2893853.571,2841382.846,0.8565,1.374,106.012
Canada,British Columbia,Metchosin,4869006.061,4778036.267,0.8565,1.374,100.5098
Australia,Queensland,Townsville,767729.6402,806701.3793,1.713,2.748,74.4582
United States,Washington,Newport Hills,3929388.861,3834616.64,0.8565,1.374,126.3727
Germany,Bayern,Grevenbroich,682744.6497,706307.964,0.8565,1.374,86.3073
United States,Indiana,South Bend,2475750.305,2443589.419,0.8565,1.374,95.4773
United States,Washington,Kent,3929388.861,3834616.64,0.8565,1.374,126.3727
United States,Michigan,Madison Heights,2679790.109,2635645.227,0.8565,1.374,108.8232
Australia,Victoria,Seaford,767729.6402,806701.3793,1.713,2.748,74.4582
France,Garonne (Haute),Colomiers,1315908.847,1300307.89,1.713,2.748,104.4201
United States,Washington,Issaquah,3929388.861,3834616.64,0.8565,1.374,126.3727
Germany,Nordrhein-Westfalen,Leipzig,682744.6497,706307.964,0.8565,1.374,86.3073
United States,California,Imperial Beach,6054471.746,5985742.289,0.8565,1.374,110.4206
United States,California,Escondido,6054471.746,5985742.289,0.8565,1.374,110.4206
France,Nord,Roncq,1315908.847,1300307.89,1.713,2.748,104.4201
United States,Indiana,Logansport,2475750.305,2443589.419,0.8565,1.374,95.4773
United States,Colorado,Greeley,2679790.109,2635645.227,0.8565,1.374,108.8232
United Kingdom,England,Billericay,1377211.962,1361500.652,0.8565,1.374,97.2502
United States,Illinois,Peoria,2679790.109,2635645.227,0.8565,1.374,108.8232
United Kingdom,England,Oxon,1377211.962,1361500.652,0.8565,1.374,97.2502
Germany,Hamburg,Bonn,1365489.299,1412615.928,0.8565,1.374,86.3073
United States,Washington,Kelso,3929388.861,3834616.64,0.8565,1.374,126.3727
United States,California,Santa Monica,6054471.746,5985742.289,0.8565,1.374,110.4206
United States,California,Newark,6054471.746,5985742.289,0.8565,1.374,110.4206
United States,North Carolina,Kannapolis,2893853.571,2841382.846,0.8565,1.374,106.012
United States,Wisconsin,Racine,2679790.109,2635645.227,0.8565,1.374,108.8232
United States,Texas,La Marque,6054471.746,5985742.289,0.8565,1.374,110.4206
United States,Illinois,Chicago,2679790.109,2635645.227,0.8565,1.374,108.8232
United States,Ohio,Columbus,2475750.305,2443589.419,0.8565,1.374,95.4773
United States,Tennessee,Kingsport,2893853.571,2841382.846,0.8565,1.374,106.012
Germany,Hessen,Salzgitter,682744.6497,706307.964,0.8565,1.374,86.3073
Australia,Queensland,Hawthorne,767729.6402,806701.3793,1.713,2.748,74.4582
Germany,Hessen,Kassel,682744.6497,706307.964,0.8565,1.374,86.3073
Canada,Ontario,Vancouver,4869006.061,4778036.267,0.8565,1.374,100.5098
United States,Tennessee,Memphis,2893853.571,2841382.846,0.8565,1.374,106.012
United States,Arizona,Scottsdale,6054471.746,5985742.289,0.8565,1.374,110.4206
United States,Wisconsin,Milwaukee,2679790.109,2635645.227,0.8565,1.374,108.8232
United States,North Carolina,Rocky Mount,2893853.571,2841382.846,0.8565,1.374,106.012
Australia,Tasmania,Hobart,767729.6402,806701.3793,1.713,2.748,74.4582
United States,California,San Diego,6054471.746,5985742.289,0.8565,1.374,110.4206
United Kingdom,England,Leeds,1377211.962,1361500.652,0.8565,1.374,97.2502
Canada,Ontario,Richmond Hill,4869006.061,4778036.267,0.8565,1.374,100.5098
Germany,Saarland,Münster,682744.6497,706307.964,0.8565,1.374,86.3073
Germany,Saarland,Frankfurt am Main,1365489.299,1412615.928,0.8565,1.374,86.3073
Canada,British Columbia,N. Vancouver,4869006.061,4778036.267,0.8565,1.374,100.5098
France,Nord,Villeneuve-d'Ascq,1315908.847,1300307.89,1.713,2.748,104.4201
France,Hauts de Seine,Paris La Defense,1315908.847,1300307.89,1.713,2.748,104.4201
United States,Michigan,Westland,2679790.109,2635645.227,0.8565,1.374,108.8232
United States,Utah,Tooele,3929388.861,3834616.64,0.8565,1.374,126.3727
Germany,Hamburg,Augsburg,682744.6497,706307.964,0.8565,1.374,86.3073
United States,Florida,Vero Beach,2893853.571,2841382.846,0.8565,1.374,106.012
United States,Washington,Bellevue,3929388.861,3834616.64,0.8565,1.374,126.3727
Australia,New South Wales,Springwood,767729.6402,806701.3793,1.713,2.748,74.4582
United States,Alabama,Huntsville,2893853.571,2841382.846,0.8565,1.374,106.012
United States,California,Sacramento,6054471.746,5985742.289,0.8565,1.374,110.4206
United States,California,San Gabriel,6054471.746,5985742.289,0.8565,1.374,110.4206
United States,Indiana,Michigan City,2475750.305,2443589.419,0.8565,1.374,95.4773
United States,Montana,Missoula,3929388.861,3834616.64,0.8565,1.374,126.3727
United States,Florida,Sunrise,2893853.571,2841382.846,0.8565,1.374,106.012
United Kingdom,England,Kirkby,1377211.962,1361500.652,0.8565,1.374,97.2502
United States,Virginia,Newport News,2893853.571,2841382.846,0.8565,1.374,106.012
United States,California,Monrovia,6054471.746,5985742.289,0.8565,1.374,110.4206
Australia,New South Wales,Milsons Point,767729.6402,806701.3793,1.713,2.748,74.4582
Australia,New South Wales,Alexandria,767729.6402,806701.3793,1.713,2.748,74.4582
United States,Tennessee,Millington,2893853.571,2841382.846,0.8565,1.374,106.012
Germany,Hamburg,Hamburg,682744.6497,706307.964,0.8565,1.374,86.3073
Australia,South Australia,Perth,767729.6402,806701.3793,1.713,2.748,74.4582
Australia,New South Wales,North Sydney,767729.6402,806701.3793,1.713,2.748,74.4582
United Kingdom,England,London,19280967.47,19061009.13,0.8565,1.374,97.2502
United States,California,Barstow,6054471.746,5985742.289,0.8565,1.374,110.4206
Canada,Ontario,Aurora,4869006.061,4778036.267,0.8565,1.374,100.5098
United States,Indiana,New Castle,2475750.305,2443589.419,0.8565,1.374,95.4773
United States,California,Vacaville,6054471.746,5985742.289,0.8565,1.374,110.4206
Germany,Hamburg,Mühlheim,682744.6497,706307.964,0.8565,1.374,86.3073
United States,Virginia,Virginia Beach,2893853.571,2841382.846,0.8565,1.374,106.012
Australia,New South Wales,Malabar,767729.6402,806701.3793,1.713,2.748,74.4582
United States,Michigan,Southgate,2679790.109,2635645.227,0.8565,1.374,108.8232
Germany,Hamburg,München,682744.6497,706307.964,0.8565,1.374,86.3073
Australia,New South Wales,Silverwater,767729.6402,806701.3793,1.713,2.748,74.4582
United States,New York,New York,2475750.305,2443589.419,0.8565,1.374,95.4773
Australia,New South Wales,Coffs Harbour,767729.6402,806701.3793,1.713,2.748,74.4582
United States,Washington,Spokane,3929388.861,3834616.64,0.8565,1.374,126.3727
France,Val d'Oise,Cergy,1315908.847,1300307.89,1.713,2.748,104.4201
United States,Tennessee,Pigeon Forge,2893853.571,2841382.846,0.8565,1.374,106.012
United States,South Dakota,Denby,2679790.109,2635645.227,0.8565,1.374,108.8232
United States,Georgia,Atlanta,2893853.571,2841382.846,0.8565,1.374,106.012
United States,California,Palo Alto,6054471.746,5985742.289,0.8565,1.374,110.4206
France,Hauts de Seine,Colombes,1315908.847,1300307.89,1.713,2.748,104.4201
Germany,Saarland,Neunkirchen,682744.6497,706307.964,0.8565,1.374,86.3073
Germany,Nordrhein-Westfalen,Werne,682744.6497,706307.964,0.8565,1.374,86.3073
United States,Minnesota,Medford,2679790.109,2635645.227,0.8565,1.374,108.8232
United Kingdom,England,York,4131635.885,4084501.957,0.8565,1.374,97.2502
Germany,Hamburg,Paderborn,682744.6497,706307.964,0.8565,1.374,86.3073
Canada,Quebec,Quebec,4869006.061,4778036.267,0.8565,1.374,100.5098
United States,Wyoming,Casper,3929388.861,3834616.64,0.8565,1.374,126.3727
United States,Florida,Orlando,2893853.571,2841382.846,0.8565,1.374,106.012
United States,New Mexico,Las Cruces,6054471.746,5985742.289,0.8565,1.374,110.4206
United States,California,National City,6054471.746,5985742.289,0.8565,1.374,110.4206
United States,Texas,Garland,6054471.746,5985742.289,0.8565,1.374,110.4206
United States,California,Sherman Oaks,6054471.746,5985742.289,0.8565,1.374,110.4206
Canada,Ontario,Weston,4869006.061,4778036.267,0.8565,1.374,100.5098
United Kingdom,England,Liverpool,1377211.962,1361500.652,0.8565,1.374,97.2502
United States,South Dakota,North Sioux City,2679790.109,2635645.227,0.8565,1.374,108.8232
United States,Florida,North Miami Beach,2893853.571,2841382.846,0.8565,1.374,106.012
United States,California,Newport Beach,6054471.746,5985742.289,0.8565,1.374,110.4206
United States,Washington,Lacey,3929388.861,3834616.64,0.8565,1.374,126.3727
United States,Oregon,Troutdale,3929388.861,3834616.64,0.8565,1.374,126.3727
United States,Ohio,Springdale,2475750.305,2443589.419,0.8565,1.374,95.4773
United States,Washington,Sequim,3929388.861,3834616.64,0.8565,1.374,126.3727
United States,Oregon,Lake Oswego,3929388.861,3834616.64,0.8565,1.374,126.3727
Germany,Bayern,Augsburg,682744.6497,706307.964,0.8565,1.374,86.3073
United States,Colorado,Longmont,2679790.109,2635645.227,0.8565,1.374,108.8232
Germany,Hamburg,Ascheim,682744.6497,706307.964,0.8565,1.374,86.3073
United States,California,Novato,6054471.746,5985742.289,0.8565,1.374,110.4206
United States,Washington,North Bend,3929388.861,3834616.64,0.8565,1.374,126.3727
United States,Washington,Port Orchard,3929388.861,3834616.64,0.8565,1.374,126.3727
United States,Washington,Kirkland,3929388.861,3834616.64,0.8565,1.374,126.3727
United States,Georgia,Clarkston,2893853.571,2841382.846,0.8565,1.374,106.012
Germany,Nordrhein-Westfalen,Braunschweig,682744.6497,706307.964,0.8565,1.374,86.3073
Canada,Ontario,Mississauga,14607018.18,14334108.8,0.8565,1.374,100.5098
United States,California,San Carlos,6054471.746,5985742.289,0.8565,1.374,110.4206
United States,California,Hanford,6054471.746,5985742.289,0.8565,1.374,110.4206
France,Charente-Maritime,Saint Ouen,1315908.847,1300307.89,1.713,2.748,104.4201
United States,California,Lemon Grove,6054471.746,5985742.289,0.8565,1.374,110.4206
Germany,Bayern,Hof,682744.6497,706307.964,0.8565,1.374,86.3073
Canada,Brunswick,Saint John,4869006.061,4778036.267,0.8565,1.374,100.5098
United States,Florida,Kendall,2893853.571,2841382.846,0.8565,1.374,106.012
United States,California,Colma,6054471.746,5985742.289,0.8565,1.374,110.4206
United States,Maryland,Baltimore,2475750.305,2443589.419,0.8565,1.374,95.4773
United States,Oregon,Woodburn,3929388.861,3834616.64,0.8565,1.374,126.3727
United States,Montana,Great Falls,3929388.861,3834616.64,0.8565,1.374,126.3727
France,Essonne,Verrieres Le Buisson,1315908.847,1300307.89,1.713,2.748,104.4201
United States,California,Canoga Park,6054471.746,5985742.289,0.8565,1.374,110.4206
France,Yveline,Versailles,1315908.847,1300307.89,1.713,2.748,104.4201
Australia,Victoria,Bendigo,767729.6402,806701.3793,1.713,2.748,74.4582
United States,Washington,Woodinville,3929388.861,3834616.64,0.8565,1.374,126.3727
United States,California,Torrance,6054471.746,5985742.289,0.8565,1.374,110.4206
United States,Oregon,Milwaukie,3929388.861,3834616.64,0.8565,1.374,126.3727
United States,New Hampshire,Tilton,2475750.305,2443589.419,0.8565,1.374,95.4773
France,Seine Saint Denis,Pantin,1315908.847,1300307.89,1.713,2.748,104.4201
Australia,Victoria,Melbourne,767729.6402,806701.3793,1.713,2.748,74.4582
United States,North Carolina,Winston-Salem,2893853.571,2841382.846,0.8565,1.374,106.012
United States,California,Milpitas,6054471.746,5985742.289,0.8565,1.374,110.4206
